Postcode master list,,,,,,,,,
Postcodes master list,,,,,,,,,
Name,RTO,Secondary RTO,LGA (Dropdown),Launceston and north,Hobart and south,East coast,West coast,North west,Item ID
7215,ECTT,N/A,"Break O'Day Council, Glamorgan Spring Bay Council",,,Yes - featured,,,18284134020
7290,VNT,N/A,Meander Valley Council,Yes - featured,,,,,18284262089
7139,DST,N/A,Derwent Valley Council,,Yes - featured,,,,18284253935
7000,DST,N/A,Hobart City Council,,Yes - featured,,,,18284134002
7001,DST,N/A,Hobart City Council,,Yes - featured,,,,18284226263
7004,DST,N/A,Hobart City Council,,Yes - featured,,,,18284134023
7005,DST,N/A,Hobart City Council,,Yes - featured,,,,18284134043
7007,DST,N/A,Hobart City Council,,Yes - featured,,,,18284134062
7008,DST,N/A,"Hobart City Council, Glenorchy Council",,Yes - featured,,,,18284134081
7009,DST,N/A,Glenorchy Council,,Yes - featured,,,,18284134135
7010,DST,N/A,Glenorchy Council,,Yes - featured,,,,18284134163
7011,DST,N/A,Glenorchy Council,,Yes - featured,,,,18284134194
7012,DST,N/A,"Glenorchy Council, Derwent Valley Council",,Yes - featured,,,,18284134219
7015,DST,N/A,Clarence City Council,,Yes - featured,,,,18284134269
7016,DST,N/A,Clarence City Council,,Yes - featured,,,,18284229594
7017,DST,N/A,Brighton Council,,Yes - featured,,,,18284134313
7018,DST,N/A,Clarence City Council,,Yes - featured,,,,18284134332
7019,DST,N/A,Clarence City Council,,Yes - featured,,,,18284134348
7020,DST,N/A,Clarence City Council,,Yes - featured,,,,18284134373
7021,DST,N/A,Clarence City Council,,Yes - featured,,,,18284134395
7022,DST,N/A,Clarence City Council,,Yes - featured,,,,18284134407
7023,DST,N/A,Clarence City Council,,Yes - featured,,,,18284134420
7024,DST,N/A,Clarence City Council,,Yes - featured,,,,18284134008
7025,DST,N/A,Clarence City Council,,Yes - featured,,,,18284134028
7026,DST,N/A,"Clarence City Council, Southern Midlands Council",,Yes - featured,,,,18284134048
7027,DST,N/A,Southern Midlands Council,,Yes - featured,,,,18284134083
7030,DST,N/A,"Brighton Council, Central Highlands Council, Derwent Valley Council, Southern Midlands Council",,Yes - featured,,,,18284134109
7050,DST,N/A,Kingborough Council,,Yes - featured,,,,18284134213
7052,DST,N/A,Kingborough Council,,Yes - featured,,,,18284134238
7053,DST,N/A,Kingborough Council,,Yes - featured,,,,18284134260
7054,DST,N/A,Kingborough Council,,Yes - featured,,,,18284134276
7055,DST,N/A,Kingborough Council,,Yes - featured,,,,18284134292
7109,DST,N/A,Huon Valley Council,,Yes - featured,,,,18284134311
7112,DST,N/A,Huon Valley Council,,Yes - featured,,,,18284134333
7113,DST,N/A,Huon Valley Council,,Yes - featured,,,,18284134349
7116,DST,N/A,Huon Valley Council,,Yes - featured,,,,18284134371
7117,DST,N/A,Huon Valley Council,,Yes - featured,,,,18284134390
7119,DST,N/A,Southern Midlands Council,,Yes - featured,,,,18284134406
7120,DST,N/A,Southern Midlands Council,,Yes - featured,,,,18284134001
7140,DST,N/A,"Central Highlands Council, Derwent Valley Council",,Yes - featured,,,,18284134021
7150,DST,N/A,"Huon Valley Council, Kingborough Council",,Yes - featured,,,,18284134052
7155,DST,N/A,Kingborough Council,,Yes - featured,,,,18284134084
7162,DST,N/A,Kingborough Council,,Yes - featured,,,,18284134110
7163,DST,N/A,"Huon Valley Council, Kingborough Council",,Yes - featured,,,,18284134132
7170,DST,N/A,Clarence City Council,,Yes - featured,,,,18284134185
7171,DST,N/A,Clarence City Council,,Yes - featured,,,,18284134216
7172,DST,N/A,"Clarence City Council, Sorell Council, Southern Midlands Council",,Yes - featured,,,,18284134242
7173,DST,N/A,Sorell Council,,Yes - featured,,,,18284134296
7174,DST,N/A,Sorell Council,,Yes - featured,,,,18284134315
7175,DST,N/A,Sorell Council,,Yes - featured,,,,18284134330
7176,DST,N/A,Sorell Council,,Yes - featured,,,,18284134346
7177,DST,N/A,"Sorell Council, Tasman Council",,Yes - featured,,,,18284134363
7178,DST,N/A,Tasman Council,,Yes - featured,,,,18284134006
7179,DST,N/A,Tasman Council,,Yes - featured,,,,18284134031
7180,DST,N/A,Tasman Council,,Yes - featured,,,,18284134050
7182,DST,N/A,Tasman Council,,Yes - featured,,,,18284134101
7183,DST,N/A,Tasman Council,,Yes - featured,,,,18284134129
7184,DST,N/A,Tasman Council,,Yes - featured,,,,18284134155
7185,DST,N/A,Tasman Council,,Yes - featured,,,,18284134192
7186,DST,N/A,Tasman Council,,Yes - featured,,,,18284134218
7187,DST,N/A,Tasman Council,,Yes - featured,,,,18284134243
7190,ECTT,DST,"Glamorgan Spring Bay Council, Southern Midlands Council",,Yes - featured,Yes - featured,,,18284134265
7209,VNT,ECTT,"Glamorgan Spring Bay Council, Northern Midlands Council",Yes - featured,,Yes - featured,,,18284134299
7210,ECTT,VNT,"Glamorgan Spring Bay Council, Northern Midlands Council",Yes - featured,,Yes - featured,,,18284134338
7211,VNT,N/A,Northern Midlands Council,Yes - featured,,,,,18284134377
7212,VNT,N/A,Northern Midlands Council,Yes - featured,,,,,18284134396
7213,ECTT,VNT,"Break O'Day Council, Glamorgan Spring Bay Council, Northern Midlands Council",Yes - featured,,Yes - featured,,,18284134410
7214,ECTT,N/A,Break O'Day Council,,,Yes - featured,,,18284134005
7216,ECTT,N/A,Break O'Day Council,,,Yes - featured,,,18284134055
7248,VNT,N/A,Launceston City Council,Yes - featured,,,,,18284134070
7249,VNT,N/A,Launceston City Council,Yes - featured,,,,,18284134085
7250,VNT,N/A,"Launceston City Council, Meander Valley Council, West Tamar Council",Yes - featured,,,,,18284134108
7252,VNT,N/A,"George Town Council, Launceston City Council",Yes - featured,,,,,18284134178
7253,VNT,N/A,George Town Council,Yes - featured,,,,,18284134227
7254,VNT,N/A,"George Town Council, Launceston City Council",Yes - featured,,,,,18284134246
7255,VNT,N/A,Flinders Council,Yes - featured,,,,,18284134280
7256,WxNW,N/A,King Island Council,,,,,Yes - featured,18284134297
7257,VNT,N/A,Flinders Council,Yes - featured,,,,,18284134318
7258,VNT,N/A,"Launceston City Council, Northern Midlands Council",Yes - featured,,,,,18284134329
7259,VNT,N/A,Launceston City Council,Yes - featured,,,,,18284134362
7260,VNT,N/A,Dorset Council,Yes - featured,,,,,18284134004
7261,VNT,N/A,Dorset Council,Yes - featured,,,,,18284134026
7262,VNT,N/A,Dorset Council,Yes - featured,,,,,18284134041
7263,VNT,N/A,Dorset Council,Yes - featured,,,,,18284134059
7264,ECTT,VNT,"Break O'Day Council, Dorset Council",Yes - featured,,Yes - featured,,,18284134076
7265,VNT,N/A,Dorset Council,Yes - featured,,,,,18284134120
7267,VNT,N/A,Launceston City Council,Yes - featured,,,,,18284134146
7268,VNT,N/A,"Dorset Council, Launceston City Council",Yes - featured,,,,,18284134169
7270,VNT,N/A,West Tamar Council,Yes - featured,,,,,18284134215
7275,WxNW,VNT,"Latrobe Council, West Tamar Council",Yes - featured,,,,Yes - featured,18284134240
7276,VNT,N/A,West Tamar Council,Yes - featured,,,,,18284134274
7277,VNT,N/A,"Meander Valley Council, West Tamar Council",Yes - featured,,,,,18284134289
7291,VNT,N/A,Meander Valley Council,Yes - featured,,,,,18284134325
7292,VNT,N/A,Meander Valley Council,Yes - featured,,,,,18284134342
7300,VNT,N/A,Northern Midlands Council,Yes - featured,,,,,18284134360
7301,VNT,N/A,"Meander Valley Council, Northern Midlands Council",Yes - featured,,,,,18284134384
7302,VNT,N/A,"Meander Valley Council, Northern Midlands Council",Yes - featured,,,,,18284134033
7303,VNT,N/A,Meander Valley Council,Yes - featured,,,,,18284134068
7304,VNT,DST,"Central Highlands Council, Meander Valley Council",Yes - featured,Yes - featured,,,,18284134082
7305,WxNW,N/A,"Kentish Council, Latrobe Council",,,,,Yes - featured,18284134167
7306,WxNW,N/A,Kentish Council,,,,,Yes - featured,18284134230
7307,WxNW,N/A,Latrobe Council,,,,,Yes - featured,18284134252
7310,WxNW,N/A,"Devonport City Council, Kentish Council",,,,,Yes - featured,18284134275
7315,WxNW,N/A,Central Coast Council,,,,,Yes - featured,18284134317
7316,WxNW,N/A,Central Coast Council,,,,,Yes - featured,18284134335
7320,WxNW,N/A,Burnie Council,,,,,Yes - featured,18284134351
7321,WxNW,N/A,"Burnie Council, Circular Head Council, Waratah-Wynyard Council",,,,,Yes - featured,18284134372
7322,WxNW,N/A,Waratah-Wynyard Council,,,,,Yes - featured,18284134422
7325,WxNW,N/A,Waratah-Wynyard Council,,,,,Yes - featured,18284134010
7330,WxNW,N/A,Circular Head Council,,,,,Yes - featured,18284134029
7331,WxNW,N/A,Circular Head Council,,,,,Yes - featured,18284134047
7466,WxNW,N/A,West Coast Council,,,,Yes - featured,,18284134063
7467,WxNW,N/A,West Coast Council,,,,Yes - featured,,18284134080
7468,WxNW,N/A,West Coast Council,,,,Yes - featured,,18284134102
7469,WxNW,N/A,West Coast Council,,,,Yes - featured,,18284134128
7470,WxNW,N/A,West Coast Council,,,,Yes - featured,,18284134154
,,,,,,,,,
